allergen_group,ingredient_word
peanut,peanut
peanut,peanuts
peanut,groundnut
peanut,groundnuts
peanut,arachis
tree nut,almond
tree nut,almonds
tree nut,cashew
tree nut,cashews
tree nut,walnut
tree nut,walnuts
tree nut,hazelnut
tree nut,hazelnuts
tree nut,pecan
tree nut,pecans
tree nut,pistachio
tree nut,pistachios
tree nut,macadamia
tree nut,macadamias
tree nut,brazil nut
tree nut,brazil nuts
tree nut,tree nut
tree nut,tree nuts
tree nut,nut
tree nut,nuts
dairy,milk
dairy,dairy
dairy,lactose
dairy,whey
dairy,casein
dairy,caseinate
dairy,cheese
dairy,yogurt
dairy,yoghurt
dairy,buttermilk
dairy,ghee
dairy,butter
dairy,ice cream
dairy,sour cream
dairy,cream cheese
dairy,whipped cream
dairy,milk chocolate
dairy,milk powder
dairy,milk solids
egg,egg
egg,eggs
egg,albumen
egg,albumin
egg,egg white
egg,egg whites
egg,egg yolk
egg,egg yolks
gluten,wheat
gluten,gluten
gluten,barley
gluten,rye
gluten,spelt
gluten,semolina
gluten,durum
gluten,wheat flour
shellfish,shellfish
shellfish,shrimp
shellfish,shrimps
shellfish,prawn
shellfish,prawns
shellfish,crab
shellfish,lobster
shellfish,crustacean
shellfish,crustaceans
shellfish,crayfish
shellfish,scallop
shellfish,scallops
shellfish,clam
shellfish,clams
shellfish,mussel
shellfish,mussels
shellfish,oyster
shellfish,oysters
shellfish,mollusc
shellfish,molluscs
shellfish,mollusk
shellfish,mollusks
fish,fish
fish,anchovy
fish,anchovies
fish,salmon
fish,tuna
fish,cod
fish,haddock
fish,sardine
fish,sardines
soy,soy
soy,soya
soy,soybean
soy,soybeans
soy,tofu
soy,edamame
sesame,sesame
sesame,tahini
sesame,benne
